Iteration,Cost
0,0.691628
1,0.6570231
2,0.6487052
3,0.6468709
4,0.6440578
5,0.643895
6,0.6164253
7,0.6121811
8,0.5639601
9,0.5158478
10,0.5120416
11,0.4867955
